id,task,seed,expert,episodes,assigned_node,reported_state,excluded,score,success_rate,accepted_episodes,error,result_path
stack_bowls__seed0,stack_bowls,0,PI05-sparse-mem,25,node02,complete,False,75.0,0.72,25,,/cpfs02/user/shaoyanming/robodojo-kai-aleph0/RoboDojo/eval_result/RoboDojo/stack_bowls/RoboRouter/arx_x5/0_route_plan=cap_pi05_score/official6300_24gpu_groups10_max20_agent_20260922__stack_bowls__seed0__attempt2/_result.json
stack_bowls_random__seed0,stack_bowls_random,0,PI05-sparse-mem,25,node03,complete,False,12.0,0.0,25,,/cpfs02/user/shaoyanming/robodojo-kai-aleph0/RoboDojo/eval_result/RoboDojo/stack_bowls_random/RoboRouter/arx_x5/0_route_plan=cap_pi05_score/official6300_24gpu_groups10_max20_agent_20260922__stack_bowls_random__seed0__attempt2/_result.json
push_T__seed0,push_T,0,CAP,25,node01,complete,False,52.0,0.52,25,,/cpfs02/user/shaoyanming/robodojo-kai-aleph0/RoboDojo/eval_result/RoboDojo/push_T/RoboRouter/arx_x5/0_route_plan=cap_pi05_score/official6300_24gpu_groups10_max20_agent_20260922__push_T__seed0__attempt2/_result.json
push_T_random__seed0,push_T_random,0,PI05,25,node12,complete,False,0.0,0.0,25,,/cpfs02/user/shaoyanming/robodojo-kai-aleph0/RoboDojo/eval_result/RoboDojo/push_T_random/RoboRouter/arx_x5/0_route_plan=cap_pi05_score/official6300_24gpu_groups10_max20_agent_20260922__push_T_random__seed0__attempt1/_result.json
pack_objects_into_box__seed0,pack_objects_into_box,0,PI05,25,node03,complete,False,26.4,0.04,25,,/cpfs02/user/shaoyanming/robodojo-kai-aleph0/RoboDojo/eval_result/RoboDojo/pack_objects_into_box/RoboRouter/arx_x5/0_route_plan=cap_pi05_score/official6300_24gpu_groups10_max20_agent_20260922__pack_objects_into_box__seed0__attempt2/_result.json
pack_objects_into_box_random__seed0,pack_objects_into_box_random,0,PI05,25,node19,complete,False,18.6,0.0,25,,/cpfs02/user/shaoyanming/robodojo-kai-aleph0/RoboDojo/eval_result/RoboDojo/pack_objects_into_box_random/RoboRouter/arx_x5/0_route_plan=cap_pi05_score/official6300_24gpu_groups10_max20_agent_20260922__pack_objects_into_box_random__seed0__attempt1/_result.json
fold_clothes__seed0,fold_clothes,0,PI05,25,node05,complete,False,40.8,0.32,25,,/cpfs02/user/shaoyanming/robodojo-kai-aleph0/RoboDojo/eval_result/RoboDojo/fold_clothes/RoboRouter/arx_x5/0_route_plan=cap_pi05_score/official6300_24gpu_groups10_max20_agent_20260922__fold_clothes__seed0__attempt2/_result.json
fold_clothes_random__seed0,fold_clothes_random,0,PI05,25,node01,excluded_task_error,True,,,,RuntimeError('Task skipped because another seed hit a simulator error'),
hang_mugs__seed0,hang_mugs,0,PI05,25,node03,complete,False,9.2,0.0,25,,/cpfs02/user/shaoyanming/robodojo-kai-aleph0/RoboDojo/eval_result/RoboDojo/hang_mugs/RoboRouter/arx_x5/0_route_plan=cap_pi05_score/official6300_24gpu_groups10_max20_agent_20260922__hang_mugs__seed0__attempt1/_result.json
hang_mugs_random__seed0,hang_mugs_random,0,PI05,25,node15,complete,False,3.5999999999999996,0.0,25,,/cpfs02/user/shaoyanming/robodojo-kai-aleph0/RoboDojo/eval_result/RoboDojo/hang_mugs_random/RoboRouter/arx_x5/0_route_plan=cap_pi05_score/official6300_24gpu_groups10_max20_agent_20260922__hang_mugs_random__seed0__attempt1/_result.json
sweep_blocks__seed0,sweep_blocks,0,PI05,25,node03,complete,False,4.0,0.04,25,,/cpfs02/user/shaoyanming/robodojo-kai-aleph0/RoboDojo/eval_result/RoboDojo/sweep_blocks/RoboRouter/arx_x5/0_route_plan=cap_pi05_score/official6300_24gpu_groups10_max20_agent_20260922__sweep_blocks__seed0__attempt1/_result.json
sweep_blocks_random__seed0,sweep_blocks_random,0,PI05,25,node12,complete,False,0.0,0.0,25,,/cpfs02/user/shaoyanming/robodojo-kai-aleph0/RoboDojo/eval_result/RoboDojo/sweep_blocks_random/RoboRouter/arx_x5/0_route_plan=cap_pi05_score/official6300_24gpu_groups10_max20_agent_20260922__sweep_blocks_random__seed0__attempt1/_result.json
pour_liquid_into_cup__seed0,pour_liquid_into_cup,0,CAP,25,node17,complete,False,96.0,0.96,25,,/cpfs02/user/shaoyanming/robodojo-kai-aleph0/RoboDojo/eval_result/RoboDojo/pour_liquid_into_cup/RoboRouter/arx_x5/0_route_plan=cap_pi05_score/official6300_24gpu_groups10_max20_agent_20260922__pour_liquid_into_cup__seed0__attempt1/_result.json
pour_liquid_into_cup_random__seed0,pour_liquid_into_cup_random,0,PI05-sparse-mem,25,node04,excluded_task_error,True,,,,RuntimeError('Task skipped for fatal simulator/resource error'),
make_toast__seed0,make_toast,0,PI05-sparse-mem,25,node21,complete,False,6.0,0.0,25,,/cpfs02/user/shaoyanming/robodojo-kai-aleph0/RoboDojo/eval_result/RoboDojo/make_toast/RoboRouter/arx_x5/0_route_plan=cap_pi05_score/official6300_24gpu_groups10_max20_agent_20260922__make_toast__seed0__attempt1/_result.json
make_toast_random__seed0,make_toast_random,0,PI05-sparse-mem,25,node19,excluded_task_error,True,,,,RuntimeError('Task skipped for fatal simulator/resource error'),
arrange_largest_number__seed0,arrange_largest_number,0,PI05,25,node05,complete,False,5.8,0.0,25,,/cpfs02/user/shaoyanming/robodojo-kai-aleph0/RoboDojo/eval_result/RoboDojo/arrange_largest_number/RoboRouter/arx_x5/0_route_plan=cap_pi05_score/official6300_24gpu_groups10_max20_agent_20260922__arrange_largest_number__seed0__attempt2/_result.json
arrange_largest_number_random__seed0,arrange_largest_number_random,0,CAP,25,node07,complete,False,27.8,0.12,25,,/cpfs02/user/shaoyanming/robodojo-kai-aleph0/RoboDojo/eval_result/RoboDojo/arrange_largest_number_random/RoboRouter/arx_x5/0_route_plan=cap_pi05_score/official6300_24gpu_groups10_max20_agent_20260922__arrange_largest_number_random__seed0__attempt2/_result.json
sort_nesting_dolls_by_size__seed0,sort_nesting_dolls_by_size,0,CAP,25,node22,complete,False,28.0,0.28,25,,/cpfs02/user/shaoyanming/robodojo-kai-aleph0/RoboDojo/eval_result/RoboDojo/sort_nesting_dolls_by_size/RoboRouter/arx_x5/0_route_plan=cap_pi05_score/official6300_24gpu_groups10_max20_agent_20260922__sort_nesting_dolls_by_size__seed0__attempt1/_result.json
sort_nesting_dolls_by_size_random__seed0,sort_nesting_dolls_by_size_random,0,PI05,25,node13,complete,False,0.0,0.0,25,,/cpfs02/user/shaoyanming/robodojo-kai-aleph0/RoboDojo/eval_result/RoboDojo/sort_nesting_dolls_by_size_random/RoboRouter/arx_x5/0_route_plan=cap_pi05_score/official6300_24gpu_groups10_max20_agent_20260922__sort_nesting_dolls_by_size_random__seed0__attempt1/_result.json
store_laptop_and_headphones__seed0,store_laptop_and_headphones,0,PI05,25,node23,excluded_task_error,True,,,,RuntimeError('Task skipped because another seed hit a simulator error'),
store_laptop_and_headphones_random__seed0,store_laptop_and_headphones_random,0,PI05,25,node16,excluded_task_error,True,,,,RuntimeError('Task skipped for fatal simulator/resource error'),
stack_blocks__seed0,stack_blocks,0,PI05-sparse-mem,25,node08,complete,False,31.8,0.24,25,,/cpfs02/user/shaoyanming/robodojo-kai-aleph0/RoboDojo/eval_result/RoboDojo/stack_blocks/RoboRouter/arx_x5/0_route_plan=cap_pi05_score/official6300_24gpu_groups10_max20_agent_20260922__stack_blocks__seed0__attempt2/_result.json
stack_blocks_random__seed0,stack_blocks_random,0,PI05-sparse-mem,25,node10,excluded_task_error,True,0.0,0.0,,,/cpfs02/user/shaoyanming/robodojo-kai-aleph0/RoboDojo/eval_result/RoboDojo/stack_blocks_random/RoboRouter/arx_x5/0_route_plan=cap_pi05_score/official6300_24gpu_groups10_max20_agent_20260922__stack_blocks_random__seed0__attempt1/_result.json
cover_blocks__seed0,cover_blocks,0,CAP,50,node13,complete,False,100.0,1.0,50,,/cpfs02/user/shaoyanming/robodojo-kai-aleph0/RoboDojo/eval_result/RoboDojo/cover_blocks/RoboRouter/arx_x5/0_route_plan=cap_pi05_score/official6300_24gpu_groups10_max20_agent_20260922__cover_blocks__seed0__attempt1/_result.json
match_and_pick_from_conveyor__seed0,match_and_pick_from_conveyor,0,PI05-sparse-mem,50,node11,complete,False,18.0,0.18,50,,/cpfs02/user/shaoyanming/robodojo-kai-aleph0/RoboDojo/eval_result/RoboDojo/match_and_pick_from_conveyor/RoboRouter/arx_x5/0_route_plan=cap_pi05_score/official6300_24gpu_groups10_max20_agent_20260922__match_and_pick_from_conveyor__seed0__attempt1/_result.json
swap_blocks__seed0,swap_blocks,0,PI05-sparse-mem,50,node01,complete,False,26.0,0.26,50,,/cpfs02/user/shaoyanming/robodojo-kai-aleph0/RoboDojo/eval_result/RoboDojo/swap_blocks/RoboRouter/arx_x5/0_route_plan=cap_pi05_score/official6300_24gpu_groups10_max20_agent_20260922__swap_blocks__seed0__attempt1/_result.json
swap_T__seed0,swap_T,0,CAP,50,node07,complete,False,92.0,0.92,50,,/cpfs02/user/shaoyanming/robodojo-kai-aleph0/RoboDojo/eval_result/RoboDojo/swap_T/RoboRouter/arx_x5/0_route_plan=cap_pi05_score/official6300_24gpu_groups10_max20_agent_20260922__swap_T__seed0__attempt2/_result.json
press_by_number__seed0,press_by_number,0,CAP,50,node01,complete,False,82.0,0.82,50,,/cpfs02/user/shaoyanming/robodojo-kai-aleph0/RoboDojo/eval_result/RoboDojo/press_by_number/RoboRouter/arx_x5/0_route_plan=cap_pi05_score/official6300_24gpu_groups10_max20_agent_20260922__press_by_number__seed0__attempt1/_result.json
imitate_sorting_sequence__seed0,imitate_sorting_sequence,0,PI05,50,node04,complete,False,1.1,0.0,50,,/cpfs02/user/shaoyanming/robodojo-kai-aleph0/RoboDojo/eval_result/RoboDojo/imitate_sorting_sequence/RoboRouter/arx_x5/0_route_plan=cap_pi05_score/official6300_24gpu_groups10_max20_agent_20260922__imitate_sorting_sequence__seed0__attempt2/_result.json
fasten_screws__seed0,fasten_screws,0,PI05-sparse-mem,50,node10,complete,False,20.400000000000002,0.02,50,,/cpfs02/user/shaoyanming/robodojo-kai-aleph0/RoboDojo/eval_result/RoboDojo/fasten_screws/RoboRouter/arx_x5/0_route_plan=cap_pi05_score/official6300_24gpu_groups10_max20_agent_20260922__fasten_screws__seed0__attempt1/_result.json
plug_in_charger__seed0,plug_in_charger,0,CAP,50,node22,complete,False,38.0,0.38,50,,/cpfs02/user/shaoyanming/robodojo-kai-aleph0/RoboDojo/eval_result/RoboDojo/plug_in_charger/RoboRouter/arx_x5/0_route_plan=cap_pi05_score/official6300_24gpu_groups10_max20_agent_20260922__plug_in_charger__seed0__attempt1/_result.json
insert_tubes__seed0,insert_tubes,0,CAP,50,node03,complete,False,80.0,0.7,50,,/cpfs02/user/shaoyanming/robodojo-kai-aleph0/RoboDojo/eval_result/RoboDojo/insert_tubes/RoboRouter/arx_x5/0_route_plan=cap_pi05_score/official6300_24gpu_groups10_max20_agent_20260922__insert_tubes__seed0__attempt1/_result.json
pour_balls_into_vase__seed0,pour_balls_into_vase,0,CAP,50,node22,complete,False,34.0,0.34,50,,/cpfs02/user/shaoyanming/robodojo-kai-aleph0/RoboDojo/eval_result/RoboDojo/pour_balls_into_vase/RoboRouter/arx_x5/0_route_plan=cap_pi05_score/official6300_24gpu_groups10_max20_agent_20260922__pour_balls_into_vase__seed0__attempt1/_result.json
play_Xylophone__seed0,play_Xylophone,0,PI05,50,node19,complete,False,0.0,0.0,50,,/cpfs02/user/shaoyanming/robodojo-kai-aleph0/RoboDojo/eval_result/RoboDojo/play_Xylophone/RoboRouter/arx_x5/0_route_plan=cap_pi05_score/official6300_24gpu_groups10_max20_agent_20260922__play_Xylophone__seed0__attempt1/_result.json
deposit_coin__seed0,deposit_coin,0,CAP,50,node07,complete,False,51.6,0.44,50,,/cpfs02/user/shaoyanming/robodojo-kai-aleph0/RoboDojo/eval_result/RoboDojo/deposit_coin/RoboRouter/arx_x5/0_route_plan=cap_pi05_score/official6300_24gpu_groups10_max20_agent_20260922__deposit_coin__seed0__attempt1/_result.json
insert_key__seed0,insert_key,0,CAP,50,node18,complete,False,54.1,0.46,50,,/cpfs02/user/shaoyanming/robodojo-kai-aleph0/RoboDojo/eval_result/RoboDojo/insert_key/RoboRouter/arx_x5/0_route_plan=cap_pi05_score/official6300_24gpu_groups10_max20_agent_20260922__insert_key__seed0__attempt1/_result.json
build_tower__seed0,build_tower,0,PI05-sparse-mem,50,node16,complete,False,74.0,0.68,50,,/cpfs02/user/shaoyanming/robodojo-kai-aleph0/RoboDojo/eval_result/RoboDojo/build_tower/RoboRouter/arx_x5/0_route_plan=cap_pi05_score/official6300_24gpu_groups10_max20_agent_20260922__build_tower__seed0__attempt1/_result.json
fill_pen_holder__seed0,fill_pen_holder,0,PI05-sparse-mem,50,node19,complete,False,20.7,0.08,50,,/cpfs02/user/shaoyanming/robodojo-kai-aleph0/RoboDojo/eval_result/RoboDojo/fill_pen_holder/RoboRouter/arx_x5/0_route_plan=cap_pi05_score/official6300_24gpu_groups10_max20_agent_20260922__fill_pen_holder__seed0__attempt1/_result.json
classify_objects__seed0,classify_objects,0,CAP,50,node01,complete,False,57.7,0.44,50,,/cpfs02/user/shaoyanming/robodojo-kai-aleph0/RoboDojo/eval_result/RoboDojo/classify_objects/RoboRouter/arx_x5/0_route_plan=cap_pi05_score/official6300_24gpu_groups10_max20_agent_20260922__classify_objects__seed0__attempt1/_result.json
put_bottles_into_dustbin__seed0,put_bottles_into_dustbin,0,PI05-sparse-mem,50,node13,complete,False,79.3,0.68,50,,/cpfs02/user/shaoyanming/robodojo-kai-aleph0/RoboDojo/eval_result/RoboDojo/put_bottles_into_dustbin/RoboRouter/arx_x5/0_route_plan=cap_pi05_score/official6300_24gpu_groups10_max20_agent_20260922__put_bottles_into_dustbin__seed0__attempt1/_result.json
play_tic_tac_toe__seed0,play_tic_tac_toe,0,CAP,50,node13,complete,False,98.0,0.92,50,,/cpfs02/user/shaoyanming/robodojo-kai-aleph0/RoboDojo/eval_result/RoboDojo/play_tic_tac_toe/RoboRouter/arx_x5/0_route_plan=cap_pi05_score/official6300_24gpu_groups10_max20_agent_20260922__play_tic_tac_toe__seed0__attempt1/_result.json
fill_egg_holder__seed0,fill_egg_holder,0,PI05,50,node22,complete,False,2.8,0.0,50,,/cpfs02/user/shaoyanming/robodojo-kai-aleph0/RoboDojo/eval_result/RoboDojo/fill_egg_holder/RoboRouter/arx_x5/0_route_plan=cap_pi05_score/official6300_24gpu_groups10_max20_agent_20260922__fill_egg_holder__seed0__attempt1/_result.json
organize_table__seed0,organize_table,0,PI05-sparse-mem,50,node22,complete,False,27.5,0.0,50,,/cpfs02/user/shaoyanming/robodojo-kai-aleph0/RoboDojo/eval_result/RoboDojo/organize_table/RoboRouter/arx_x5/0_route_plan=cap_pi05_score/official6300_24gpu_groups10_max20_agent_20260922__organize_table__seed0__attempt1/_result.json
make_kong__seed0,make_kong,0,CAP,50,node04,complete,False,86.0,0.86,50,,/cpfs02/user/shaoyanming/robodojo-kai-aleph0/RoboDojo/eval_result/RoboDojo/make_kong/RoboRouter/arx_x5/0_route_plan=cap_pi05_score/official6300_24gpu_groups10_max20_agent_20260922__make_kong__seed0__attempt2/_result.json
play_stacking_toy__seed0,play_stacking_toy,0,PI05,50,node19,complete,False,0.0,0.0,50,,/cpfs02/user/shaoyanming/robodojo-kai-aleph0/RoboDojo/eval_result/RoboDojo/play_stacking_toy/RoboRouter/arx_x5/0_route_plan=cap_pi05_score/official6300_24gpu_groups10_max20_agent_20260922__play_stacking_toy__seed0__attempt1/_result.json
align_blocks__seed0,align_blocks,0,CAP,50,node21,complete,False,90.0,0.9,50,,/cpfs02/user/shaoyanming/robodojo-kai-aleph0/RoboDojo/eval_result/RoboDojo/align_blocks/RoboRouter/arx_x5/0_route_plan=cap_pi05_score/official6300_24gpu_groups10_max20_agent_20260922__align_blocks__seed0__attempt1/_result.json
general_pickup__seed0,general_pickup,0,CAP,50,node19,complete,False,56.0,0.56,50,,/cpfs02/user/shaoyanming/robodojo-kai-aleph0/RoboDojo/eval_result/RoboDojo/general_pickup/RoboRouter/arx_x5/0_route_plan=cap_pi05_score/official6300_24gpu_groups10_max20_agent_20260922__general_pickup__seed0__attempt1/_result.json
solve_equation__seed0,solve_equation,0,CAP,50,node06,complete,False,60.0,0.6,50,,/cpfs02/user/shaoyanming/robodojo-kai-aleph0/RoboDojo/eval_result/RoboDojo/solve_equation/RoboRouter/arx_x5/0_route_plan=cap_pi05_score/official6300_24gpu_groups10_max20_agent_20260922__solve_equation__seed0__attempt2/_result.json
stack_blocks_by_language__seed0,stack_blocks_by_language,0,CAP,50,node16,complete,False,0.0,0.0,50,,/cpfs02/user/shaoyanming/robodojo-kai-aleph0/RoboDojo/eval_result/RoboDojo/stack_blocks_by_language/RoboRouter/arx_x5/0_route_plan=cap_pi05_score/official6300_24gpu_groups10_max20_agent_20260922__stack_blocks_by_language__seed0__attempt1/_result.json
classify_objects_by_language__seed0,classify_objects_by_language,0,CAP,50,node16,complete,False,25.0,0.12,50,,/cpfs02/user/shaoyanming/robodojo-kai-aleph0/RoboDojo/eval_result/RoboDojo/classify_objects_by_language/RoboRouter/arx_x5/0_route_plan=cap_pi05_score/official6300_24gpu_groups10_max20_agent_20260922__classify_objects_by_language__seed0__attempt1/_result.json
pick_from_conveyor_by_image__seed0,pick_from_conveyor_by_image,0,PI05,50,node01,complete,False,0.0,0.0,50,,/cpfs02/user/shaoyanming/robodojo-kai-aleph0/RoboDojo/eval_result/RoboDojo/pick_from_conveyor_by_image/RoboRouter/arx_x5/0_route_plan=cap_pi05_score/official6300_24gpu_groups10_max20_agent_20260922__pick_from_conveyor_by_image__seed0__attempt1/_result.json
store_tools_in_toolbox__seed0,store_tools_in_toolbox,0,CAP,50,node07,complete,False,6.0,0.0,50,,/cpfs02/user/shaoyanming/robodojo-kai-aleph0/RoboDojo/eval_result/RoboDojo/store_tools_in_toolbox/RoboRouter/arx_x5/0_route_plan=cap_pi05_score/official6300_24gpu_groups10_max20_agent_20260922__store_tools_in_toolbox__seed0__attempt1/_result.json
pour_by_language__seed0,pour_by_language,0,CAP,50,node07,complete,False,8.4,0.0,50,,/cpfs02/user/shaoyanming/robodojo-kai-aleph0/RoboDojo/eval_result/RoboDojo/pour_by_language/RoboRouter/arx_x5/0_route_plan=cap_pi05_score/official6300_24gpu_groups10_max20_agent_20260922__pour_by_language__seed0__attempt1/_result.json
stack_bowls__seed1,stack_bowls,1,PI05-sparse-mem,25,node09,complete,False,64.8,0.6,25,,/cpfs02/user/shaoyanming/robodojo-kai-aleph0/RoboDojo/eval_result/RoboDojo/stack_bowls/RoboRouter/arx_x5/1_route_plan=cap_pi05_score/official6300_24gpu_groups10_max20_agent_20260922__stack_bowls__seed1__attempt1/_result.json
stack_bowls_random__seed1,stack_bowls_random,1,PI05-sparse-mem,25,node06,complete,False,13.6,0.04,25,,/cpfs02/user/shaoyanming/robodojo-kai-aleph0/RoboDojo/eval_result/RoboDojo/stack_bowls_random/RoboRouter/arx_x5/1_route_plan=cap_pi05_score/official6300_24gpu_groups10_max20_agent_20260922__stack_bowls_random__seed1__attempt2/_result.json
push_T__seed1,push_T,1,CAP,25,node18,complete,False,88.0,0.88,25,,/cpfs02/user/shaoyanming/robodojo-kai-aleph0/RoboDojo/eval_result/RoboDojo/push_T/RoboRouter/arx_x5/1_route_plan=cap_pi05_score/official6300_24gpu_groups10_max20_agent_20260922__push_T__seed1__attempt1/_result.json
push_T_random__seed1,push_T_random,1,PI05,25,node19,complete,False,0.0,0.0,25,,/cpfs02/user/shaoyanming/robodojo-kai-aleph0/RoboDojo/eval_result/RoboDojo/push_T_random/RoboRouter/arx_x5/1_route_plan=cap_pi05_score/official6300_24gpu_groups10_max20_agent_20260922__push_T_random__seed1__attempt1/_result.json
pack_objects_into_box__seed1,pack_objects_into_box,1,PI05,25,node02,complete,False,30.4,0.08,25,,/cpfs02/user/shaoyanming/robodojo-kai-aleph0/RoboDojo/eval_result/RoboDojo/pack_objects_into_box/RoboRouter/arx_x5/1_route_plan=cap_pi05_score/official6300_24gpu_groups10_max20_agent_20260922__pack_objects_into_box__seed1__attempt2/_result.json
pack_objects_into_box_random__seed1,pack_objects_into_box_random,1,PI05,25,node20,complete,False,9.200000000000001,0.0,25,,/cpfs02/user/shaoyanming/robodojo-kai-aleph0/RoboDojo/eval_result/RoboDojo/pack_objects_into_box_random/RoboRouter/arx_x5/1_route_plan=cap_pi05_score/official6300_24gpu_groups10_max20_agent_20260922__pack_objects_into_box_random__seed1__attempt1/_result.json
fold_clothes__seed1,fold_clothes,1,PI05,25,node06,complete,False,51.2,0.44,25,,/cpfs02/user/shaoyanming/robodojo-kai-aleph0/RoboDojo/eval_result/RoboDojo/fold_clothes/RoboRouter/arx_x5/1_route_plan=cap_pi05_score/official6300_24gpu_groups10_max20_agent_20260922__fold_clothes__seed1__attempt1/_result.json
fold_clothes_random__seed1,fold_clothes_random,1,PI05,25,node11,excluded_task_error,True,,,,RuntimeError('Task skipped for fatal simulator/resource error'),
hang_mugs__seed1,hang_mugs,1,PI05,25,node07,complete,False,9.0,0.0,25,,/cpfs02/user/shaoyanming/robodojo-kai-aleph0/RoboDojo/eval_result/RoboDojo/hang_mugs/RoboRouter/arx_x5/1_route_plan=cap_pi05_score/official6300_24gpu_groups10_max20_agent_20260922__hang_mugs__seed1__attempt1/_result.json
hang_mugs_random__seed1,hang_mugs_random,1,PI05,25,node16,complete,False,1.2,0.0,25,,/cpfs02/user/shaoyanming/robodojo-kai-aleph0/RoboDojo/eval_result/RoboDojo/hang_mugs_random/RoboRouter/arx_x5/1_route_plan=cap_pi05_score/official6300_24gpu_groups10_max20_agent_20260922__hang_mugs_random__seed1__attempt1/_result.json
sweep_blocks__seed1,sweep_blocks,1,PI05,25,node05,complete,False,0.0,0.0,25,,/cpfs02/user/shaoyanming/robodojo-kai-aleph0/RoboDojo/eval_result/RoboDojo/sweep_blocks/RoboRouter/arx_x5/1_route_plan=cap_pi05_score/official6300_24gpu_groups10_max20_agent_20260922__sweep_blocks__seed1__attempt1/_result.json
sweep_blocks_random__seed1,sweep_blocks_random,1,PI05,25,node20,complete,False,0.0,0.0,25,,/cpfs02/user/shaoyanming/robodojo-kai-aleph0/RoboDojo/eval_result/RoboDojo/sweep_blocks_random/RoboRouter/arx_x5/1_route_plan=cap_pi05_score/official6300_24gpu_groups10_max20_agent_20260922__sweep_blocks_random__seed1__attempt1/_result.json
pour_liquid_into_cup__seed1,pour_liquid_into_cup,1,CAP,25,node13,complete,False,96.0,0.96,25,,/cpfs02/user/shaoyanming/robodojo-kai-aleph0/RoboDojo/eval_result/RoboDojo/pour_liquid_into_cup/RoboRouter/arx_x5/1_route_plan=cap_pi05_score/official6300_24gpu_groups10_max20_agent_20260922__pour_liquid_into_cup__seed1__attempt1/_result.json
pour_liquid_into_cup_random__seed1,pour_liquid_into_cup_random,1,PI05-sparse-mem,25,node18,excluded_task_error,True,,,,,
make_toast__seed1,make_toast,1,PI05-sparse-mem,25,node15,complete,False,16.0,0.08,25,,/cpfs02/user/shaoyanming/robodojo-kai-aleph0/RoboDojo/eval_result/RoboDojo/make_toast/RoboRouter/arx_x5/1_route_plan=cap_pi05_score/official6300_24gpu_groups10_max20_agent_20260922__make_toast__seed1__attempt1/_result.json
make_toast_random__seed1,make_toast_random,1,PI05-sparse-mem,25,node03,excluded_task_error,True,,,,,
arrange_largest_number__seed1,arrange_largest_number,1,PI05,25,node13,complete,False,4.8,0.0,25,,/cpfs02/user/shaoyanming/robodojo-kai-aleph0/RoboDojo/eval_result/RoboDojo/arrange_largest_number/RoboRouter/arx_x5/1_route_plan=cap_pi05_score/official6300_24gpu_groups10_max20_agent_20260922__arrange_largest_number__seed1__attempt1/_result.json
arrange_largest_number_random__seed1,arrange_largest_number_random,1,CAP,25,node08,complete,False,41.2,0.32,25,,/cpfs02/user/shaoyanming/robodojo-kai-aleph0/RoboDojo/eval_result/RoboDojo/arrange_largest_number_random/RoboRouter/arx_x5/1_route_plan=cap_pi05_score/official6300_24gpu_groups10_max20_agent_20260922__arrange_largest_number_random__seed1__attempt2/_result.json
sort_nesting_dolls_by_size__seed1,sort_nesting_dolls_by_size,1,CAP,25,node23,complete,False,28.0,0.28,25,,/cpfs02/user/shaoyanming/robodojo-kai-aleph0/RoboDojo/eval_result/RoboDojo/sort_nesting_dolls_by_size/RoboRouter/arx_x5/1_route_plan=cap_pi05_score/official6300_24gpu_groups10_max20_agent_20260922__sort_nesting_dolls_by_size__seed1__attempt1/_result.json
sort_nesting_dolls_by_size_random__seed1,sort_nesting_dolls_by_size_random,1,PI05,25,node14,complete,False,0.0,0.0,25,,/cpfs02/user/shaoyanming/robodojo-kai-aleph0/RoboDojo/eval_result/RoboDojo/sort_nesting_dolls_by_size_random/RoboRouter/arx_x5/1_route_plan=cap_pi05_score/official6300_24gpu_groups10_max20_agent_20260922__sort_nesting_dolls_by_size_random__seed1__attempt1/_result.json
store_laptop_and_headphones__seed1,store_laptop_and_headphones,1,PI05,25,node24,excluded_task_error,True,,,,RuntimeError('Task skipped for fatal simulator/resource error'),
store_laptop_and_headphones_random__seed1,store_laptop_and_headphones_random,1,PI05,25,node17,excluded_task_error,True,,,,RuntimeError('Task skipped because another seed hit a simulator error'),
stack_blocks__seed1,stack_blocks,1,PI05-sparse-mem,25,node13,complete,False,22.6,0.16,25,,/cpfs02/user/shaoyanming/robodojo-kai-aleph0/RoboDojo/eval_result/RoboDojo/stack_blocks/RoboRouter/arx_x5/1_route_plan=cap_pi05_score/official6300_24gpu_groups10_max20_agent_20260922__stack_blocks__seed1__attempt1/_result.json
stack_blocks_random__seed1,stack_blocks_random,1,PI05-sparse-mem,25,node01,excluded_task_error,True,,,,RuntimeError('Task skipped because another seed hit a simulator error'),
cover_blocks__seed1,cover_blocks,1,CAP,50,node14,complete,False,100.0,1.0,50,,/cpfs02/user/shaoyanming/robodojo-kai-aleph0/RoboDojo/eval_result/RoboDojo/cover_blocks/RoboRouter/arx_x5/1_route_plan=cap_pi05_score/official6300_24gpu_groups10_max20_agent_20260922__cover_blocks__seed1__attempt1/_result.json
match_and_pick_from_conveyor__seed1,match_and_pick_from_conveyor,1,PI05-sparse-mem,50,node12,complete,False,16.0,0.16,50,,/cpfs02/user/shaoyanming/robodojo-kai-aleph0/RoboDojo/eval_result/RoboDojo/match_and_pick_from_conveyor/RoboRouter/arx_x5/1_route_plan=cap_pi05_score/official6300_24gpu_groups10_max20_agent_20260922__match_and_pick_from_conveyor__seed1__attempt1/_result.json
swap_blocks__seed1,swap_blocks,1,PI05-sparse-mem,50,node11,complete,False,14.0,0.14,50,,/cpfs02/user/shaoyanming/robodojo-kai-aleph0/RoboDojo/eval_result/RoboDojo/swap_blocks/RoboRouter/arx_x5/1_route_plan=cap_pi05_score/official6300_24gpu_groups10_max20_agent_20260922__swap_blocks__seed1__attempt1/_result.json
swap_T__seed1,swap_T,1,CAP,50,node08,complete,False,92.0,0.92,50,,/cpfs02/user/shaoyanming/robodojo-kai-aleph0/RoboDojo/eval_result/RoboDojo/swap_T/RoboRouter/arx_x5/1_route_plan=cap_pi05_score/official6300_24gpu_groups10_max20_agent_20260922__swap_T__seed1__attempt1/_result.json
press_by_number__seed1,press_by_number,1,CAP,50,node11,complete,False,86.0,0.86,50,,/cpfs02/user/shaoyanming/robodojo-kai-aleph0/RoboDojo/eval_result/RoboDojo/press_by_number/RoboRouter/arx_x5/1_route_plan=cap_pi05_score/official6300_24gpu_groups10_max20_agent_20260922__press_by_number__seed1__attempt1/_result.json
imitate_sorting_sequence__seed1,imitate_sorting_sequence,1,PI05,50,node05,complete,False,1.0,0.0,50,,/cpfs02/user/shaoyanming/robodojo-kai-aleph0/RoboDojo/eval_result/RoboDojo/imitate_sorting_sequence/RoboRouter/arx_x5/1_route_plan=cap_pi05_score/official6300_24gpu_groups10_max20_agent_20260922__imitate_sorting_sequence__seed1__attempt1/_result.json
fasten_screws__seed1,fasten_screws,1,PI05-sparse-mem,50,node11,complete,False,26.6,0.02,50,,/cpfs02/user/shaoyanming/robodojo-kai-aleph0/RoboDojo/eval_result/RoboDojo/fasten_screws/RoboRouter/arx_x5/1_route_plan=cap_pi05_score/official6300_24gpu_groups10_max20_agent_20260922__fasten_screws__seed1__attempt1/_result.json
plug_in_charger__seed1,plug_in_charger,1,CAP,50,node23,complete,False,22.0,0.22,50,,/cpfs02/user/shaoyanming/robodojo-kai-aleph0/RoboDojo/eval_result/RoboDojo/plug_in_charger/RoboRouter/arx_x5/1_route_plan=cap_pi05_score/official6300_24gpu_groups10_max20_agent_20260922__plug_in_charger__seed1__attempt1/_result.json
insert_tubes__seed1,insert_tubes,1,CAP,50,node04,complete,False,76.0,0.62,50,,/cpfs02/user/shaoyanming/robodojo-kai-aleph0/RoboDojo/eval_result/RoboDojo/insert_tubes/RoboRouter/arx_x5/1_route_plan=cap_pi05_score/official6300_24gpu_groups10_max20_agent_20260922__insert_tubes__seed1__attempt1/_result.json
pour_balls_into_vase__seed1,pour_balls_into_vase,1,CAP,50,node23,complete,False,40.0,0.4,50,,/cpfs02/user/shaoyanming/robodojo-kai-aleph0/RoboDojo/eval_result/RoboDojo/pour_balls_into_vase/RoboRouter/arx_x5/1_route_plan=cap_pi05_score/official6300_24gpu_groups10_max20_agent_20260922__pour_balls_into_vase__seed1__attempt1/_result.json
play_Xylophone__seed1,play_Xylophone,1,PI05,50,node20,complete,False,0.0,0.0,50,,/cpfs02/user/shaoyanming/robodojo-kai-aleph0/RoboDojo/eval_result/RoboDojo/play_Xylophone/RoboRouter/arx_x5/1_route_plan=cap_pi05_score/official6300_24gpu_groups10_max20_agent_20260922__play_Xylophone__seed1__attempt1/_result.json
deposit_coin__seed1,deposit_coin,1,CAP,50,node08,complete,False,64.4,0.58,50,,/cpfs02/user/shaoyanming/robodojo-kai-aleph0/RoboDojo/eval_result/RoboDojo/deposit_coin/RoboRouter/arx_x5/1_route_plan=cap_pi05_score/official6300_24gpu_groups10_max20_agent_20260922__deposit_coin__seed1__attempt1/_result.json
insert_key__seed1,insert_key,1,CAP,50,node02,complete,False,43.9,0.34,50,,/cpfs02/user/shaoyanming/robodojo-kai-aleph0/RoboDojo/eval_result/RoboDojo/insert_key/RoboRouter/arx_x5/1_route_plan=cap_pi05_score/official6300_24gpu_groups10_max20_agent_20260922__insert_key__seed1__attempt1/_result.json
build_tower__seed1,build_tower,1,PI05-sparse-mem,50,node17,complete,False,65.0,0.56,50,,/cpfs02/user/shaoyanming/robodojo-kai-aleph0/RoboDojo/eval_result/RoboDojo/build_tower/RoboRouter/arx_x5/1_route_plan=cap_pi05_score/official6300_24gpu_groups10_max20_agent_20260922__build_tower__seed1__attempt1/_result.json
fill_pen_holder__seed1,fill_pen_holder,1,PI05-sparse-mem,50,node20,complete,False,21.5,0.04,50,,/cpfs02/user/shaoyanming/robodojo-kai-aleph0/RoboDojo/eval_result/RoboDojo/fill_pen_holder/RoboRouter/arx_x5/1_route_plan=cap_pi05_score/official6300_24gpu_groups10_max20_agent_20260922__fill_pen_holder__seed1__attempt1/_result.json
classify_objects__seed1,classify_objects,1,CAP,50,node02,complete,False,64.4,0.52,50,,/cpfs02/user/shaoyanming/robodojo-kai-aleph0/RoboDojo/eval_result/RoboDojo/classify_objects/RoboRouter/arx_x5/1_route_plan=cap_pi05_score/official6300_24gpu_groups10_max20_agent_20260922__classify_objects__seed1__attempt1/_result.json
put_bottles_into_dustbin__seed1,put_bottles_into_dustbin,1,PI05-sparse-mem,50,node14,complete,False,85.0,0.76,50,,/cpfs02/user/shaoyanming/robodojo-kai-aleph0/RoboDojo/eval_result/RoboDojo/put_bottles_into_dustbin/RoboRouter/arx_x5/1_route_plan=cap_pi05_score/official6300_24gpu_groups10_max20_agent_20260922__put_bottles_into_dustbin__seed1__attempt1/_result.json
play_tic_tac_toe__seed1,play_tic_tac_toe,1,CAP,50,node14,complete,False,96.2,0.92,50,,/cpfs02/user/shaoyanming/robodojo-kai-aleph0/RoboDojo/eval_result/RoboDojo/play_tic_tac_toe/RoboRouter/arx_x5/1_route_plan=cap_pi05_score/official6300_24gpu_groups10_max20_agent_20260922__play_tic_tac_toe__seed1__attempt1/_result.json
fill_egg_holder__seed1,fill_egg_holder,1,PI05,50,node23,complete,False,2.4,0.0,50,,/cpfs02/user/shaoyanming/robodojo-kai-aleph0/RoboDojo/eval_result/RoboDojo/fill_egg_holder/RoboRouter/arx_x5/1_route_plan=cap_pi05_score/official6300_24gpu_groups10_max20_agent_20260922__fill_egg_holder__seed1__attempt1/_result.json
organize_table__seed1,organize_table,1,PI05-sparse-mem,50,node23,complete,False,24.0,0.02,50,,/cpfs02/user/shaoyanming/robodojo-kai-aleph0/RoboDojo/eval_result/RoboDojo/organize_table/RoboRouter/arx_x5/1_route_plan=cap_pi05_score/official6300_24gpu_groups10_max20_agent_20260922__organize_table__seed1__attempt1/_result.json
make_kong__seed1,make_kong,1,CAP,50,node05,complete,False,84.0,0.84,50,,/cpfs02/user/shaoyanming/robodojo-kai-aleph0/RoboDojo/eval_result/RoboDojo/make_kong/RoboRouter/arx_x5/1_route_plan=cap_pi05_score/official6300_24gpu_groups10_max20_agent_20260922__make_kong__seed1__attempt1/_result.json
play_stacking_toy__seed1,play_stacking_toy,1,PI05,50,node20,complete,False,0.0,0.0,50,,/cpfs02/user/shaoyanming/robodojo-kai-aleph0/RoboDojo/eval_result/RoboDojo/play_stacking_toy/RoboRouter/arx_x5/1_route_plan=cap_pi05_score/official6300_24gpu_groups10_max20_agent_20260922__play_stacking_toy__seed1__attempt1/_result.json
align_blocks__seed1,align_blocks,1,CAP,50,node15,complete,False,82.0,0.82,50,,/cpfs02/user/shaoyanming/robodojo-kai-aleph0/RoboDojo/eval_result/RoboDojo/align_blocks/RoboRouter/arx_x5/1_route_plan=cap_pi05_score/official6300_24gpu_groups10_max20_agent_20260922__align_blocks__seed1__attempt1/_result.json
general_pickup__seed1,general_pickup,1,CAP,50,node20,complete,False,44.0,0.44,50,,/cpfs02/user/shaoyanming/robodojo-kai-aleph0/RoboDojo/eval_result/RoboDojo/general_pickup/RoboRouter/arx_x5/1_route_plan=cap_pi05_score/official6300_24gpu_groups10_max20_agent_20260922__general_pickup__seed1__attempt1/_result.json
solve_equation__seed1,solve_equation,1,CAP,50,node02,complete,False,56.0,0.56,50,,/cpfs02/user/shaoyanming/robodojo-kai-aleph0/RoboDojo/eval_result/RoboDojo/solve_equation/RoboRouter/arx_x5/1_route_plan=cap_pi05_score/official6300_24gpu_groups10_max20_agent_20260922__solve_equation__seed1__attempt1/_result.json
stack_blocks_by_language__seed1,stack_blocks_by_language,1,CAP,50,node17,complete,False,0.0,0.0,50,,/cpfs02/user/shaoyanming/robodojo-kai-aleph0/RoboDojo/eval_result/RoboDojo/stack_blocks_by_language/RoboRouter/arx_x5/1_route_plan=cap_pi05_score/official6300_24gpu_groups10_max20_agent_20260922__stack_blocks_by_language__seed1__attempt1/_result.json
classify_objects_by_language__seed1,classify_objects_by_language,1,CAP,50,node17,complete,False,17.400000000000002,0.02,50,,/cpfs02/user/shaoyanming/robodojo-kai-aleph0/RoboDojo/eval_result/RoboDojo/classify_objects_by_language/RoboRouter/arx_x5/1_route_plan=cap_pi05_score/official6300_24gpu_groups10_max20_agent_20260922__classify_objects_by_language__seed1__attempt1/_result.json
pick_from_conveyor_by_image__seed1,pick_from_conveyor_by_image,1,PI05,50,node02,complete,False,0.0,0.0,50,,/cpfs02/user/shaoyanming/robodojo-kai-aleph0/RoboDojo/eval_result/RoboDojo/pick_from_conveyor_by_image/RoboRouter/arx_x5/1_route_plan=cap_pi05_score/official6300_24gpu_groups10_max20_agent_20260922__pick_from_conveyor_by_image__seed1__attempt1/_result.json
store_tools_in_toolbox__seed1,store_tools_in_toolbox,1,CAP,50,node08,complete,False,6.5,0.0,50,,/cpfs02/user/shaoyanming/robodojo-kai-aleph0/RoboDojo/eval_result/RoboDojo/store_tools_in_toolbox/RoboRouter/arx_x5/1_route_plan=cap_pi05_score/official6300_24gpu_groups10_max20_agent_20260922__store_tools_in_toolbox__seed1__attempt1/_result.json
pour_by_language__seed1,pour_by_language,1,CAP,50,node08,complete,False,12.0,0.0,50,,/cpfs02/user/shaoyanming/robodojo-kai-aleph0/RoboDojo/eval_result/RoboDojo/pour_by_language/RoboRouter/arx_x5/1_route_plan=cap_pi05_score/official6300_24gpu_groups10_max20_agent_20260922__pour_by_language__seed1__attempt1/_result.json
stack_bowls__seed2,stack_bowls,2,PI05-sparse-mem,25,node04,complete,False,71.6,0.68,25,,/cpfs02/user/shaoyanming/robodojo-kai-aleph0/RoboDojo/eval_result/RoboDojo/stack_bowls/RoboRouter/arx_x5/2_route_plan=cap_pi05_score/official6300_24gpu_groups10_max20_agent_20260922__stack_bowls__seed2__attempt1/_result.json
stack_bowls_random__seed2,stack_bowls_random,2,PI05-sparse-mem,25,node04,complete,False,21.6,0.12,25,,/cpfs02/user/shaoyanming/robodojo-kai-aleph0/RoboDojo/eval_result/RoboDojo/stack_bowls_random/RoboRouter/arx_x5/2_route_plan=cap_pi05_score/official6300_24gpu_groups10_max20_agent_20260922__stack_bowls_random__seed2__attempt1/_result.json
push_T__seed2,push_T,2,CAP,25,node23,complete,False,56.0,0.56,25,,/cpfs02/user/shaoyanming/robodojo-kai-aleph0/RoboDojo/eval_result/RoboDojo/push_T/RoboRouter/arx_x5/2_route_plan=cap_pi05_score/official6300_24gpu_groups10_max20_agent_20260922__push_T__seed2__attempt1/_result.json
push_T_random__seed2,push_T_random,2,PI05,25,node20,complete,False,0.0,0.0,25,,/cpfs02/user/shaoyanming/robodojo-kai-aleph0/RoboDojo/eval_result/RoboDojo/push_T_random/RoboRouter/arx_x5/2_route_plan=cap_pi05_score/official6300_24gpu_groups10_max20_agent_20260922__push_T_random__seed2__attempt1/_result.json
pack_objects_into_box__seed2,pack_objects_into_box,2,PI05,25,node10,complete,False,32.0,0.08,25,,/cpfs02/user/shaoyanming/robodojo-kai-aleph0/RoboDojo/eval_result/RoboDojo/pack_objects_into_box/RoboRouter/arx_x5/2_route_plan=cap_pi05_score/official6300_24gpu_groups10_max20_agent_20260922__pack_objects_into_box__seed2__attempt1/_result.json
pack_objects_into_box_random__seed2,pack_objects_into_box_random,2,PI05,25,node21,complete,False,15.6,0.04,25,,/cpfs02/user/shaoyanming/robodojo-kai-aleph0/RoboDojo/eval_result/RoboDojo/pack_objects_into_box_random/RoboRouter/arx_x5/2_route_plan=cap_pi05_score/official6300_24gpu_groups10_max20_agent_20260922__pack_objects_into_box_random__seed2__attempt1/_result.json
fold_clothes__seed2,fold_clothes,2,PI05,25,node09,complete,False,47.2,0.4,25,,/cpfs02/user/shaoyanming/robodojo-kai-aleph0/RoboDojo/eval_result/RoboDojo/fold_clothes/RoboRouter/arx_x5/2_route_plan=cap_pi05_score/official6300_24gpu_groups10_max20_agent_20260922__fold_clothes__seed2__attempt1/_result.json
fold_clothes_random__seed2,fold_clothes_random,2,PI05,25,node12,excluded_task_error,True,,,,,
hang_mugs__seed2,hang_mugs,2,PI05,25,node08,complete,False,6.0,0.0,25,,/cpfs02/user/shaoyanming/robodojo-kai-aleph0/RoboDojo/eval_result/RoboDojo/hang_mugs/RoboRouter/arx_x5/2_route_plan=cap_pi05_score/official6300_24gpu_groups10_max20_agent_20260922__hang_mugs__seed2__attempt1/_result.json
hang_mugs_random__seed2,hang_mugs_random,2,PI05,25,node17,complete,False,3.5999999999999996,0.0,25,,/cpfs02/user/shaoyanming/robodojo-kai-aleph0/RoboDojo/eval_result/RoboDojo/hang_mugs_random/RoboRouter/arx_x5/2_route_plan=cap_pi05_score/official6300_24gpu_groups10_max20_agent_20260922__hang_mugs_random__seed2__attempt1/_result.json
sweep_blocks__seed2,sweep_blocks,2,PI05,25,node06,complete,False,0.0,0.0,25,,/cpfs02/user/shaoyanming/robodojo-kai-aleph0/RoboDojo/eval_result/RoboDojo/sweep_blocks/RoboRouter/arx_x5/2_route_plan=cap_pi05_score/official6300_24gpu_groups10_max20_agent_20260922__sweep_blocks__seed2__attempt1/_result.json
sweep_blocks_random__seed2,sweep_blocks_random,2,PI05,25,node17,complete,False,0.0,0.0,25,,/cpfs02/user/shaoyanming/robodojo-kai-aleph0/RoboDojo/eval_result/RoboDojo/sweep_blocks_random/RoboRouter/arx_x5/2_route_plan=cap_pi05_score/official6300_24gpu_groups10_max20_agent_20260922__sweep_blocks_random__seed2__attempt1/_result.json
pour_liquid_into_cup__seed2,pour_liquid_into_cup,2,CAP,25,node14,complete,False,76.0,0.76,25,,/cpfs02/user/shaoyanming/robodojo-kai-aleph0/RoboDojo/eval_result/RoboDojo/pour_liquid_into_cup/RoboRouter/arx_x5/2_route_plan=cap_pi05_score/official6300_24gpu_groups10_max20_agent_20260922__pour_liquid_into_cup__seed2__attempt1/_result.json
pour_liquid_into_cup_random__seed2,pour_liquid_into_cup_random,2,PI05-sparse-mem,25,node02,excluded_task_error,True,,,,,
make_toast__seed2,make_toast,2,PI05-sparse-mem,25,node16,complete,False,10.0,0.0,25,,/cpfs02/user/shaoyanming/robodojo-kai-aleph0/RoboDojo/eval_result/RoboDojo/make_toast/RoboRouter/arx_x5/2_route_plan=cap_pi05_score/official6300_24gpu_groups10_max20_agent_20260922__make_toast__seed2__attempt1/_result.json
make_toast_random__seed2,make_toast_random,2,PI05-sparse-mem,25,node07,excluded_task_error,True,,,,,
arrange_largest_number__seed2,arrange_largest_number,2,PI05,25,node14,complete,False,6.0,0.0,25,,/cpfs02/user/shaoyanming/robodojo-kai-aleph0/RoboDojo/eval_result/RoboDojo/arrange_largest_number/RoboRouter/arx_x5/2_route_plan=cap_pi05_score/official6300_24gpu_groups10_max20_agent_20260922__arrange_largest_number__seed2__attempt1/_result.json
arrange_largest_number_random__seed2,arrange_largest_number_random,2,CAP,25,node09,complete,False,42.2,0.32,25,,/cpfs02/user/shaoyanming/robodojo-kai-aleph0/RoboDojo/eval_result/RoboDojo/arrange_largest_number_random/RoboRouter/arx_x5/2_route_plan=cap_pi05_score/official6300_24gpu_groups10_max20_agent_20260922__arrange_largest_number_random__seed2__attempt1/_result.json
sort_nesting_dolls_by_size__seed2,sort_nesting_dolls_by_size,2,CAP,25,node24,complete,False,20.0,0.2,25,,/cpfs02/user/shaoyanming/robodojo-kai-aleph0/RoboDojo/eval_result/RoboDojo/sort_nesting_dolls_by_size/RoboRouter/arx_x5/2_route_plan=cap_pi05_score/official6300_24gpu_groups10_max20_agent_20260922__sort_nesting_dolls_by_size__seed2__attempt1/_result.json
sort_nesting_dolls_by_size_random__seed2,sort_nesting_dolls_by_size_random,2,PI05,25,node15,complete,False,0.0,0.0,25,,/cpfs02/user/shaoyanming/robodojo-kai-aleph0/RoboDojo/eval_result/RoboDojo/sort_nesting_dolls_by_size_random/RoboRouter/arx_x5/2_route_plan=cap_pi05_score/official6300_24gpu_groups10_max20_agent_20260922__sort_nesting_dolls_by_size_random__seed2__attempt1/_result.json
store_laptop_and_headphones__seed2,store_laptop_and_headphones,2,PI05,25,node11,excluded_task_error,True,,,,,
store_laptop_and_headphones_random__seed2,store_laptop_and_headphones_random,2,PI05,25,node18,excluded_task_error,True,,,,,
stack_blocks__seed2,stack_blocks,2,PI05-sparse-mem,25,node14,complete,False,34.6,0.28,25,,/cpfs02/user/shaoyanming/robodojo-kai-aleph0/RoboDojo/eval_result/RoboDojo/stack_blocks/RoboRouter/arx_x5/2_route_plan=cap_pi05_score/official6300_24gpu_groups10_max20_agent_20260922__stack_blocks__seed2__attempt1/_result.json
stack_blocks_random__seed2,stack_blocks_random,2,PI05-sparse-mem,25,node22,excluded_task_error,True,,,,RuntimeError('Native client exit 137'),
cover_blocks__seed2,cover_blocks,2,CAP,50,node15,complete,False,100.0,1.0,50,,/cpfs02/user/shaoyanming/robodojo-kai-aleph0/RoboDojo/eval_result/RoboDojo/cover_blocks/RoboRouter/arx_x5/2_route_plan=cap_pi05_score/official6300_24gpu_groups10_max20_agent_20260922__cover_blocks__seed2__attempt1/_result.json
match_and_pick_from_conveyor__seed2,match_and_pick_from_conveyor,2,PI05-sparse-mem,50,node03,complete,False,16.0,0.16,50,,/cpfs02/user/shaoyanming/robodojo-kai-aleph0/RoboDojo/eval_result/RoboDojo/match_and_pick_from_conveyor/RoboRouter/arx_x5/2_route_plan=cap_pi05_score/official6300_24gpu_groups10_max20_agent_20260922__match_and_pick_from_conveyor__seed2__attempt1/_result.json
swap_blocks__seed2,swap_blocks,2,PI05-sparse-mem,50,node12,complete,False,18.0,0.18,50,,/cpfs02/user/shaoyanming/robodojo-kai-aleph0/RoboDojo/eval_result/RoboDojo/swap_blocks/RoboRouter/arx_x5/2_route_plan=cap_pi05_score/official6300_24gpu_groups10_max20_agent_20260922__swap_blocks__seed2__attempt1/_result.json
swap_T__seed2,swap_T,2,CAP,50,node09,complete,False,96.0,0.96,50,,/cpfs02/user/shaoyanming/robodojo-kai-aleph0/RoboDojo/eval_result/RoboDojo/swap_T/RoboRouter/arx_x5/2_route_plan=cap_pi05_score/official6300_24gpu_groups10_max20_agent_20260922__swap_T__seed2__attempt1/_result.json
press_by_number__seed2,press_by_number,2,CAP,50,node12,complete,False,88.0,0.88,50,,/cpfs02/user/shaoyanming/robodojo-kai-aleph0/RoboDojo/eval_result/RoboDojo/press_by_number/RoboRouter/arx_x5/2_route_plan=cap_pi05_score/official6300_24gpu_groups10_max20_agent_20260922__press_by_number__seed2__attempt1/_result.json
imitate_sorting_sequence__seed2,imitate_sorting_sequence,2,PI05,50,node06,complete,False,0.9,0.0,50,,/cpfs02/user/shaoyanming/robodojo-kai-aleph0/RoboDojo/eval_result/RoboDojo/imitate_sorting_sequence/RoboRouter/arx_x5/2_route_plan=cap_pi05_score/official6300_24gpu_groups10_max20_agent_20260922__imitate_sorting_sequence__seed2__attempt1/_result.json
fasten_screws__seed2,fasten_screws,2,PI05-sparse-mem,50,node12,complete,False,22.8,0.02,50,,/cpfs02/user/shaoyanming/robodojo-kai-aleph0/RoboDojo/eval_result/RoboDojo/fasten_screws/RoboRouter/arx_x5/2_route_plan=cap_pi05_score/official6300_24gpu_groups10_max20_agent_20260922__fasten_screws__seed2__attempt1/_result.json
plug_in_charger__seed2,plug_in_charger,2,CAP,50,node24,complete,False,36.0,0.36,50,,/cpfs02/user/shaoyanming/robodojo-kai-aleph0/RoboDojo/eval_result/RoboDojo/plug_in_charger/RoboRouter/arx_x5/2_route_plan=cap_pi05_score/official6300_24gpu_groups10_max20_agent_20260922__plug_in_charger__seed2__attempt1/_result.json
insert_tubes__seed2,insert_tubes,2,CAP,50,node05,complete,False,77.6,0.64,50,,/cpfs02/user/shaoyanming/robodojo-kai-aleph0/RoboDojo/eval_result/RoboDojo/insert_tubes/RoboRouter/arx_x5/2_route_plan=cap_pi05_score/official6300_24gpu_groups10_max20_agent_20260922__insert_tubes__seed2__attempt1/_result.json
pour_balls_into_vase__seed2,pour_balls_into_vase,2,CAP,50,node24,complete,False,44.0,0.44,50,,/cpfs02/user/shaoyanming/robodojo-kai-aleph0/RoboDojo/eval_result/RoboDojo/pour_balls_into_vase/RoboRouter/arx_x5/2_route_plan=cap_pi05_score/official6300_24gpu_groups10_max20_agent_20260922__pour_balls_into_vase__seed2__attempt1/_result.json
play_Xylophone__seed2,play_Xylophone,2,PI05,50,node21,complete,False,0.0,0.0,50,,/cpfs02/user/shaoyanming/robodojo-kai-aleph0/RoboDojo/eval_result/RoboDojo/play_Xylophone/RoboRouter/arx_x5/2_route_plan=cap_pi05_score/official6300_24gpu_groups10_max20_agent_20260922__play_Xylophone__seed2__attempt1/_result.json
deposit_coin__seed2,deposit_coin,2,CAP,50,node09,complete,False,59.2,0.52,50,,/cpfs02/user/shaoyanming/robodojo-kai-aleph0/RoboDojo/eval_result/RoboDojo/deposit_coin/RoboRouter/arx_x5/2_route_plan=cap_pi05_score/official6300_24gpu_groups10_max20_agent_20260922__deposit_coin__seed2__attempt1/_result.json
insert_key__seed2,insert_key,2,CAP,50,node10,complete,False,50.7,0.42,50,,/cpfs02/user/shaoyanming/robodojo-kai-aleph0/RoboDojo/eval_result/RoboDojo/insert_key/RoboRouter/arx_x5/2_route_plan=cap_pi05_score/official6300_24gpu_groups10_max20_agent_20260922__insert_key__seed2__attempt1/_result.json
build_tower__seed2,build_tower,2,PI05-sparse-mem,50,node18,complete,False,56.2,0.48,50,,/cpfs02/user/shaoyanming/robodojo-kai-aleph0/RoboDojo/eval_result/RoboDojo/build_tower/RoboRouter/arx_x5/2_route_plan=cap_pi05_score/official6300_24gpu_groups10_max20_agent_20260922__build_tower__seed2__attempt1/_result.json
fill_pen_holder__seed2,fill_pen_holder,2,PI05-sparse-mem,50,node21,complete,False,24.0,0.06,50,,/cpfs02/user/shaoyanming/robodojo-kai-aleph0/RoboDojo/eval_result/RoboDojo/fill_pen_holder/RoboRouter/arx_x5/2_route_plan=cap_pi05_score/official6300_24gpu_groups10_max20_agent_20260922__fill_pen_holder__seed2__attempt1/_result.json
classify_objects__seed2,classify_objects,2,CAP,50,node03,complete,False,51.6,0.32,50,,/cpfs02/user/shaoyanming/robodojo-kai-aleph0/RoboDojo/eval_result/RoboDojo/classify_objects/RoboRouter/arx_x5/2_route_plan=cap_pi05_score/official6300_24gpu_groups10_max20_agent_20260922__classify_objects__seed2__attempt1/_result.json
put_bottles_into_dustbin__seed2,put_bottles_into_dustbin,2,PI05-sparse-mem,50,node15,complete,False,79.0,0.66,50,,/cpfs02/user/shaoyanming/robodojo-kai-aleph0/RoboDojo/eval_result/RoboDojo/put_bottles_into_dustbin/RoboRouter/arx_x5/2_route_plan=cap_pi05_score/official6300_24gpu_groups10_max20_agent_20260922__put_bottles_into_dustbin__seed2__attempt1/_result.json
play_tic_tac_toe__seed2,play_tic_tac_toe,2,CAP,50,node15,complete,False,98.5,0.94,50,,/cpfs02/user/shaoyanming/robodojo-kai-aleph0/RoboDojo/eval_result/RoboDojo/play_tic_tac_toe/RoboRouter/arx_x5/2_route_plan=cap_pi05_score/official6300_24gpu_groups10_max20_agent_20260922__play_tic_tac_toe__seed2__attempt1/_result.json
fill_egg_holder__seed2,fill_egg_holder,2,PI05,50,node24,complete,False,1.7000000000000002,0.0,50,,/cpfs02/user/shaoyanming/robodojo-kai-aleph0/RoboDojo/eval_result/RoboDojo/fill_egg_holder/RoboRouter/arx_x5/2_route_plan=cap_pi05_score/official6300_24gpu_groups10_max20_agent_20260922__fill_egg_holder__seed2__attempt1/_result.json
organize_table__seed2,organize_table,2,PI05-sparse-mem,50,node24,complete,False,29.0,0.0,50,,/cpfs02/user/shaoyanming/robodojo-kai-aleph0/RoboDojo/eval_result/RoboDojo/organize_table/RoboRouter/arx_x5/2_route_plan=cap_pi05_score/official6300_24gpu_groups10_max20_agent_20260922__organize_table__seed2__attempt1/_result.json
make_kong__seed2,make_kong,2,CAP,50,node06,complete,False,86.0,0.86,50,,/cpfs02/user/shaoyanming/robodojo-kai-aleph0/RoboDojo/eval_result/RoboDojo/make_kong/RoboRouter/arx_x5/2_route_plan=cap_pi05_score/official6300_24gpu_groups10_max20_agent_20260922__make_kong__seed2__attempt1/_result.json
play_stacking_toy__seed2,play_stacking_toy,2,PI05,50,node21,complete,False,0.0,0.0,50,,/cpfs02/user/shaoyanming/robodojo-kai-aleph0/RoboDojo/eval_result/RoboDojo/play_stacking_toy/RoboRouter/arx_x5/2_route_plan=cap_pi05_score/official6300_24gpu_groups10_max20_agent_20260922__play_stacking_toy__seed2__attempt1/_result.json
align_blocks__seed2,align_blocks,2,CAP,50,node16,complete,False,88.0,0.88,50,,/cpfs02/user/shaoyanming/robodojo-kai-aleph0/RoboDojo/eval_result/RoboDojo/align_blocks/RoboRouter/arx_x5/2_route_plan=cap_pi05_score/official6300_24gpu_groups10_max20_agent_20260922__align_blocks__seed2__attempt1/_result.json
general_pickup__seed2,general_pickup,2,CAP,50,node21,complete,False,32.0,0.32,50,,/cpfs02/user/shaoyanming/robodojo-kai-aleph0/RoboDojo/eval_result/RoboDojo/general_pickup/RoboRouter/arx_x5/2_route_plan=cap_pi05_score/official6300_24gpu_groups10_max20_agent_20260922__general_pickup__seed2__attempt1/_result.json
solve_equation__seed2,solve_equation,2,CAP,50,node10,complete,False,68.0,0.68,50,,/cpfs02/user/shaoyanming/robodojo-kai-aleph0/RoboDojo/eval_result/RoboDojo/solve_equation/RoboRouter/arx_x5/2_route_plan=cap_pi05_score/official6300_24gpu_groups10_max20_agent_20260922__solve_equation__seed2__attempt1/_result.json
stack_blocks_by_language__seed2,stack_blocks_by_language,2,CAP,50,node18,complete,False,0.0,0.0,50,,/cpfs02/user/shaoyanming/robodojo-kai-aleph0/RoboDojo/eval_result/RoboDojo/stack_blocks_by_language/RoboRouter/arx_x5/2_route_plan=cap_pi05_score/official6300_24gpu_groups10_max20_agent_20260922__stack_blocks_by_language__seed2__attempt1/_result.json
classify_objects_by_language__seed2,classify_objects_by_language,2,CAP,50,node18,complete,False,32.800000000000004,0.18,50,,/cpfs02/user/shaoyanming/robodojo-kai-aleph0/RoboDojo/eval_result/RoboDojo/classify_objects_by_language/RoboRouter/arx_x5/2_route_plan=cap_pi05_score/official6300_24gpu_groups10_max20_agent_20260922__classify_objects_by_language__seed2__attempt1/_result.json
pick_from_conveyor_by_image__seed2,pick_from_conveyor_by_image,2,PI05,50,node10,complete,False,0.0,0.0,50,,/cpfs02/user/shaoyanming/robodojo-kai-aleph0/RoboDojo/eval_result/RoboDojo/pick_from_conveyor_by_image/RoboRouter/arx_x5/2_route_plan=cap_pi05_score/official6300_24gpu_groups10_max20_agent_20260922__pick_from_conveyor_by_image__seed2__attempt1/_result.json
store_tools_in_toolbox__seed2,store_tools_in_toolbox,2,CAP,50,node09,complete,False,6.0,0.0,50,,/cpfs02/user/shaoyanming/robodojo-kai-aleph0/RoboDojo/eval_result/RoboDojo/store_tools_in_toolbox/RoboRouter/arx_x5/2_route_plan=cap_pi05_score/official6300_24gpu_groups10_max20_agent_20260922__store_tools_in_toolbox__seed2__attempt1/_result.json
pour_by_language__seed2,pour_by_language,2,CAP,50,node09,complete,False,8.8,0.0,50,,/cpfs02/user/shaoyanming/robodojo-kai-aleph0/RoboDojo/eval_result/RoboDojo/pour_by_language/RoboRouter/arx_x5/2_route_plan=cap_pi05_score/official6300_24gpu_groups10_max20_agent_20260922__pour_by_language__seed2__attempt1/_result.json
