category,task,sparse_score,pi05_score,sparse_success_rate_percent,pi05_success_rate_percent,expert,selected_score,selected_success_rate_percent
Generalization,stack_bowls,48.0,45.1,42.0,38.0,PI05-sparse-mem,48.0,42.0
Generalization,push_T,0.0,0.0,0.0,0.0,PI05,0.0,0.0
Generalization,pack_objects_into_box,17.9,19.1,2.0,2.67,PI05,19.1,2.67
Generalization,fold_clothes,30.4,32.27,24.0,24.0,PI05,32.27,24.0
Generalization,hang_mugs,4.4,7.27,0.0,0.0,PI05,7.27,0.0
Generalization,sweep_blocks,0.0,0.0,0.0,0.0,PI05,0.0,0.0
Generalization,pour_liquid_into_cup,16.0,14.67,16.0,14.67,PI05-sparse-mem,16.0,16.0
Generalization,make_toast,9.0,6.0,0.0,0.67,PI05-sparse-mem,9.0,0.0
Generalization,arrange_largest_number,0.9,2.77,0.0,0.67,PI05,2.77,0.67
Generalization,sort_nesting_dolls_by_size,2.0,5.34,2.0,5.34,PI05,5.34,5.34
Generalization,store_laptop_and_headphones,12.4,16.14,4.0,5.33,PI05,16.14,5.33
Generalization,stack_blocks,12.8,11.87,8.0,6.67,PI05-sparse-mem,12.8,8.0
Memory,cover_blocks,74.8,19.07,70.0,13.33,PI05-sparse-mem,74.8,70.0
Memory,match_and_pick_from_conveyor,20.0,14.0,20.0,14.0,PI05-sparse-mem,20.0,20.0
Memory,swap_blocks,12.0,0.0,12.0,0.0,PI05-sparse-mem,12.0,12.0
Memory,swap_T,0.0,0.67,0.0,0.67,PI05,0.67,0.67
Memory,press_by_number,4.0,0.0,4.0,0.0,PI05-sparse-mem,4.0,4.0
Memory,imitate_sorting_sequence,0.3,1.6,0.0,0.0,PI05,1.6,0.0
Precision,fasten_screws,16.4,15.13,2.0,2.67,PI05-sparse-mem,16.4,2.0
Precision,plug_in_charger,0.0,0.0,0.0,0.0,PI05,0.0,0.0
Precision,insert_tubes,43.6,17.87,22.0,3.33,PI05-sparse-mem,43.6,22.0
Precision,pour_balls_into_vase,18.0,13.33,18.0,13.33,PI05-sparse-mem,18.0,18.0
Precision,play_Xylophone,0.0,0.0,0.0,0.0,PI05,0.0,0.0
Precision,deposit_coin,3.2,3.2,2.0,0.67,PI05-sparse-mem,3.2,2.0
Precision,insert_key,13.2,11.9,0.0,0.0,PI05-sparse-mem,13.2,0.0
Precision,build_tower,66.4,37.73,60.0,24.0,PI05-sparse-mem,66.4,60.0
Long-Horizon,fill_pen_holder,26.3,23.23,10.0,7.33,PI05-sparse-mem,26.3,10.0
Long-Horizon,classify_objects,20.7,24.67,10.0,12.67,PI05,24.67,12.67
Long-Horizon,put_bottles_into_dustbin,80.9,79.93,72.0,69.33,PI05-sparse-mem,80.9,72.0
Long-Horizon,play_tic_tac_toe,11.0,8.23,0.0,1.33,PI05-sparse-mem,11.0,0.0
Long-Horizon,fill_egg_holder,1.4,2.23,0.0,0.0,PI05,2.23,0.0
Long-Horizon,organize_table,37.5,23.33,8.0,0.0,PI05-sparse-mem,37.5,8.0
Long-Horizon,make_kong,34.0,26.67,34.0,26.67,PI05-sparse-mem,34.0,34.0
Long-Horizon,play_stacking_toy,0.0,0.0,0.0,0.0,PI05,0.0,0.0
Open,align_blocks,0.0,0.0,0.0,0.0,PI05,0.0,0.0
Open,general_pickup,10.0,12.0,10.0,12.0,PI05,12.0,12.0
Open,solve_equation,0.0,0.0,0.0,0.0,PI05,0.0,0.0
Open,stack_blocks_by_language,7.6,1.73,6.0,0.0,PI05-sparse-mem,7.6,6.0
Open,classify_objects_by_language,1.0,0.6,0.0,0.0,PI05-sparse-mem,1.0,0.0
Open,pick_from_conveyor_by_image,0.0,1.33,0.0,1.33,PI05,1.33,1.33
Open,store_tools_in_toolbox,0.0,0.17,0.0,0.0,PI05,0.17,0.0
Open,pour_by_language,0.0,0.0,0.0,0.0,PI05,0.0,0.0
